ds,y
2018-01-01,309
2018-01-02,911
2018-01-03,1263
2018-01-04,1522
2018-01-05,1532
2018-01-06,1194
2018-01-07,615
2018-01-08,1219
2018-01-09,1361
2018-01-10,1504
2018-01-11,1499
2018-01-12,1647
2018-01-13,1556
2018-01-14,577
2018-01-15,1262
2018-01-16,1402
2018-01-17,1521
2018-01-18,1637
2018-01-19,1594
2018-01-20,1367
2018-01-21,532
2018-01-22,1153
2018-01-23,1404
2018-01-24,1533
2018-01-25,1383
2018-01-26,1511
2018-01-27,1615
2018-01-28,774
2018-01-29,1300
2018-01-30,1454
2018-01-31,1404
2018-02-01,1383
2018-02-02,1633
2018-02-03,1578
2018-02-04,716
2018-02-05,1119
2018-02-06,1391
2018-02-07,1397
2018-02-08,1392
2018-02-09,1677
2018-02-10,1596
2018-02-11,799
2018-02-12,1191
2018-02-13,1306
2018-02-14,1343
2018-02-15,1489
2018-02-16,1664
2018-02-17,1392
2018-02-18,577
2018-02-19,1009
2018-02-20,1266
2018-02-21,1360
2018-02-22,1494
2018-02-23,1487
2018-02-24,1556
2018-02-25,790
2018-02-26,1244
2018-02-27,1368
2018-02-28,1009
2018-03-01,1518
2018-03-02,1719
2018-03-03,1661
2018-03-04,737
2018-03-05,1302
2018-03-06,1290
2018-03-07,1432
2018-03-08,1483
2018-03-09,1552
2018-03-10,1454
2018-03-11,780
2018-03-12,1202
2018-03-13,1448
2018-03-14,1438
2018-03-15,1314
2018-03-16,1496
2018-03-17,1466
2018-03-18,709
2018-03-19,1107
2018-03-20,1312
2018-03-21,1489
2018-03-22,1504
2018-03-23,1473
2018-03-24,1532
2018-03-25,621
2018-03-26,1172
2018-03-27,1358
2018-03-28,1505
2018-03-29,1599
2018-03-30,1651
2018-03-31,1352
2018-04-01,785
2018-04-02,474
2018-04-03,1364
2018-04-04,1387
2018-04-05,1412
2018-04-06,1531
2018-04-07,1475
2018-04-08,643
2018-04-09,1199
2018-04-10,1407
2018-04-11,1251
2018-04-12,1454
2018-04-13,1578
2018-04-14,1680
2018-04-15,752
2018-04-16,858
2018-04-17,1162
2018-04-18,1290
2018-04-19,1543
2018-04-20,1645
2018-04-21,1511
2018-04-22,672
2018-04-23,1306
2018-04-24,1517
2018-04-25,1597
2018-04-26,1598
2018-04-27,1577
2018-04-28,1554
2018-04-29,629
2018-04-30,1449
2018-05-01,709
2018-05-02,1096
2018-05-03,1354
2018-05-04,1674
2018-05-05,1553
2018-05-06,703
2018-05-07,1313
2018-05-08,704
2018-05-09,1395
2018-05-10,843
2018-05-11,1484
2018-05-12,1405
2018-05-13,811
2018-05-14,814
2018-05-15,1268
2018-05-16,1515
2018-05-17,1378
2018-05-18,1573
2018-05-19,1647
2018-05-20,1302
2018-05-21,623
2018-05-22,1446
2018-05-23,1592
2018-05-24,1582
2018-05-25,1632
2018-05-26,1577
2018-05-27,963
2018-05-28,1291
2018-05-29,1150
2018-05-30,581
2018-05-31,1472
2018-06-01,1627
2018-06-02,1583
2018-06-03,677
2018-06-04,1278
2018-06-05,1414
2018-06-06,1515
2018-06-07,1568
2018-06-08,1621
2018-06-09,1655
2018-06-10,685
2018-06-11,1263
2018-06-12,1256
2018-06-13,1531
2018-06-14,1610
2018-06-15,1709
2018-06-16,1649
2018-06-17,790
2018-06-18,1329
2018-06-19,1442
2018-06-20,1526
2018-06-21,1409
2018-06-22,1845
2018-06-23,1466
2018-06-24,640
2018-06-25,1224
2018-06-26,1405
2018-06-27,1543
2018-06-28,1461
2018-06-29,1695
2018-06-30,1310
2018-07-01,587
2018-07-02,1260
2018-07-03,1413
2018-07-04,1467
2018-07-05,1580
2018-07-06,1724
2018-07-07,1507
2018-07-08,574
2018-07-09,1147
2018-07-10,1492
2018-07-11,1529
2018-07-12,1544
2018-07-13,1650
2018-07-14,1222
2018-07-15,1139
2018-07-16,1295
2018-07-17,1435
2018-07-18,1358
2018-07-19,1589
2018-07-20,1600
2018-07-21,1474
2018-07-22,676
2018-07-23,1123
2018-07-24,1547
2018-07-25,143
2018-07-26,
2018-07-27,804
2018-07-28,1394
2018-07-29,589
2018-07-30,1075
2018-07-31,1450
2018-08-01,1430
2018-08-02,1510
2018-08-03,1411
2018-08-04,1203
2018-08-05,622
2018-08-06,970
2018-08-07,1423
2018-08-08,1446
2018-08-09,1532
2018-08-10,1606
2018-08-11,1394
2018-08-12,652
2018-08-13,1146
2018-08-14,1498
2018-08-15,327
2018-08-16,1367
2018-08-17,1517
2018-08-18,1551
2018-08-19,868
2018-08-20,1205
2018-08-21,1387
2018-08-22,1103
2018-08-23,1546
2018-08-24,1531
2018-08-25,1459
2018-08-26,659
2018-08-27,1155
2018-08-28,1287
2018-08-29,1559
2018-08-30,1635
2018-08-31,1773
2018-09-01,1729
2018-09-02,721
2018-09-03,1262
2018-09-04,1410
2018-09-05,1439
2018-09-06,1539
2018-09-07,1665
2018-09-08,1605
2018-09-09,543
2018-09-10,1250
2018-09-11,1487
2018-09-12,1530
2018-09-13,1604
2018-09-14,1725
2018-09-15,1692
2018-09-16,868
2018-09-17,1266
2018-09-18,1572
2018-09-19,1548
2018-09-20,1521
2018-09-21,1681
2018-09-22,1659
2018-09-23,693
2018-09-24,1266
2018-09-25,1515
2018-09-26,1561
2018-09-27,1538
2018-09-28,1722
2018-09-29,1764
2018-09-30,642
2018-10-01,1306
2018-10-02,1028
2018-10-03,1401
2018-10-04,1709
2018-10-05,1799
2018-10-06,1791
2018-10-07,731
2018-10-08,1426
2018-10-09,1484
2018-10-10,1552
2018-10-11,1564
2018-10-12,1722
2018-10-13,1791
2018-10-14,684
2018-10-15,1274
2018-10-16,1454
2018-10-17,1535
2018-10-18,1471
2018-10-19,1589
2018-10-20,1745
2018-10-21,809
2018-10-22,1331
2018-10-23,1525
2018-10-24,1492
2018-10-25,1627
2018-10-26,1697
2018-10-27,1551
2018-10-28,640
2018-10-29,1198
2018-10-30,1523
2018-10-31,1590
2018-11-01,1076
2018-11-02,1539
2018-11-03,1571
2018-11-04,1011
2018-11-05,1314
2018-11-06,1482
2018-11-07,1541
2018-11-08,1537
2018-11-09,1616
2018-11-10,1663
2018-11-11,1039
2018-11-12,1413
2018-11-13,1481
2018-11-14,1551
2018-11-15,1577
2018-11-16,1706
2018-11-17,1273
2018-11-18,813
2018-11-19,1228
2018-11-20,1307
2018-11-21,1490
2018-11-22,1518
2018-11-23,1716
2018-11-24,1557
2018-11-25,1051
2018-11-26,1197
2018-11-27,1486
2018-11-28,1575
2018-11-29,1566
2018-11-30,1570
2018-12-01,1651
2018-12-02,221
2018-12-03,1231
2018-12-04,1512
2018-12-05,1689
2018-12-06,1665
2018-12-07,1702
2018-12-08,1624
2018-12-09,907
2018-12-10,1348
2018-12-11,1540
2018-12-12,1535
2018-12-13,1482
2018-12-14,1635
2018-12-15,1089
2018-12-16,425
2018-12-17,1337
2018-12-18,1576
2018-12-19,1665
2018-12-20,1704
2018-12-21,1881
2018-12-22,902
2018-12-23,969
2018-12-24,1204
2018-12-25,412
2018-12-26,1429
2018-12-27,1531
2018-12-28,1673
2018-12-29,1630
2018-12-30,931
2018-12-31,1042
1905-07-11,
2019-01-01,444
2019-01-02,1189
2019-01-03,1486
2019-01-04,1530
2019-01-05,1547
2019-01-06,587
2019-01-07,1213
2019-01-08,1344
2019-01-09,1470
2019-01-10,1496
2019-01-11,1619
2019-01-12,1541
2019-01-13,340
2019-01-14,1204
2019-01-15,1481
2019-01-16,1511
2019-01-17,1456
2019-01-18,1706
2019-01-19,1612
2019-01-20,697
2019-01-21,1316
2019-01-22,1287
2019-01-23,1380
2019-01-24,1497
2019-01-25,1595
2019-01-26,1662
2019-01-27,506
2019-01-28,1110
2019-01-29,1303
2019-01-30,1362
2019-01-31,1529
2019-02-01,1678
2019-02-02,1436
2019-02-03,731
2019-02-04,1238
2019-02-05,1422
2019-02-06,1596
2019-02-07,1518
2019-02-08,1668
2019-02-09,1699
2019-02-10,676
2019-02-11,1241
2019-02-12,1469
2019-02-13,1567
2019-02-14,1696
2019-02-15,1666
2019-02-16,1702
2019-02-17,841
2019-02-18,1257
2019-02-19,1586
2019-02-20,1522
2019-02-21,1623
2019-02-22,1646
2019-02-23,1474
2019-02-24,810
2019-02-25,1176
2019-02-26,1428
2019-02-27,1551
2019-02-28,1646
2019-03-01,1665
2019-03-02,1560
2019-03-03,973
2019-03-04,1315
2019-03-05,1538
2019-03-06,1601
2019-03-07,1522
2019-03-08,1646
2019-03-09,1467
2019-03-10,701
2019-03-11,1302
2019-03-12,1414
2019-03-13,1446
2019-03-14,1604
2019-03-15,1690
2019-03-16,1676
2019-03-17,721
2019-03-18,1326
2019-03-19,1472
2019-03-20,1504
2019-03-21,1639
2019-03-22,1627
2019-03-23,1608
2019-03-24,812
2019-03-25,1174
2019-03-26,1419
2019-03-27,1468
2019-03-28,1539
2019-03-29,1687
2019-03-30,1654
2019-03-31,856
2019-04-01,1288
2019-04-02,1384
2019-04-03,1532
2019-04-04,1534
2019-04-05,1640
2019-04-06,1713
2019-04-07,946
2019-04-08,1257
2019-04-09,1516
2019-04-10,1510
2019-04-11,1526
2019-04-12,1765
2019-04-13,1766
2019-04-14,1015
2019-04-15,1293
2019-04-16,1524
2019-04-17,1579
2019-04-18,1637
2019-04-19,1694
2019-04-20,1618
2019-04-21,761
2019-04-22,749
2019-04-23,1365
2019-04-24,1492
2019-04-25,1605
2019-04-26,1510
2019-04-27,1516
2019-04-28,800
2019-04-29,1419
2019-04-30,1700
2019-05-01,936
2019-05-02,1543
2019-05-03,1579
2019-05-04,1532
2019-05-05,689
2019-05-06,1323
2019-05-07,1589
2019-05-08,792
2019-05-09,1578
2019-05-10,1637
2019-05-11,1603
2019-05-12,823
2019-05-13,1382
2019-05-14,1440
2019-05-15,1623
2019-05-16,1542
2019-05-17,1491
2019-05-18,1374
2019-05-19,996
2019-05-20,214
2019-05-21,1432
2019-05-22,1527
2019-05-23,1538
2019-05-24,1521
2019-05-25,1414
2019-05-26,1146
2019-05-27,1318
2019-05-28,1426
2019-05-29,1783
2019-05-30,769
2019-05-31,1509
2019-06-01,1240
2019-06-02,520
2019-06-03,1317
2019-06-04,1437
2019-06-05,1426
2019-06-06,1617
2019-06-07,1756
2019-06-08,1624
2019-06-09,623
2019-06-10,534
2019-06-11,1550
2019-06-12,1610
2019-06-13,1462
2019-06-14,1778
2019-06-15,1610
2019-06-16,648
2019-06-17,1300
2019-06-18,1174
2019-06-19,1536
2019-06-20,1660
2019-06-21,1866
2019-06-22,1610
2019-06-23,513
2019-06-24,1258
2019-06-25,1418
2019-06-26,1472
2019-06-27,1407
2019-06-28,1598
2019-06-29,1399
2019-06-30,584
2019-07-01,1309
2019-07-02,1646
2019-07-03,1897
2019-07-04,1701
2019-07-05,1811
2019-07-06,1553
2019-07-07,562
2019-07-08,1202
2019-07-09,1585
2019-07-10,1744
2019-07-11,1677
2019-07-12,1809
2019-07-13,1522
2019-07-14,993
2019-07-15,1221
2019-07-16,1517
2019-07-17,1557
2019-07-18,14
2019-07-19,
2019-07-20,1178
2019-07-21,526
2019-07-22,1149
2019-07-23,1298
2019-07-24,1280
2019-07-25,1296
2019-07-26,1600
2019-07-27,1309
2019-07-28,535
2019-07-29,1207
2019-07-30,1570
2019-07-31,1565
2019-08-01,1683
2019-08-02,1804
2019-08-03,1396
2019-08-04,527
2019-08-05,1235
2019-08-06,1560
2019-08-07,1565
2019-08-08,1457
2019-08-09,1374
2019-08-10,1499
2019-08-11,551
2019-08-12,1155
2019-08-13,1501
2019-08-14,1394
2019-08-15,1032
2019-08-16,1475
2019-08-17,1382
2019-08-18,494
2019-08-19,1269
2019-08-20,1452
2019-08-21,1491
2019-08-22,1641
2019-08-23,1650
2019-08-24,1401
2019-08-25,699
2019-08-26,1178
2019-08-27,1543
2019-08-28,1554
2019-08-29,1634
2019-08-30,1962
2019-08-31,1669
2019-09-01,509
2019-09-02,22
2019-09-03,
2019-09-04,972
2019-09-05,1763
2019-09-06,2020
2019-09-07,1611
2019-09-08,649
2019-09-09,1335
2019-09-10,1474
2019-09-11,1596
2019-09-12,1668
2019-09-13,1722
2019-09-14,1604
2019-09-15,497
2019-09-16,1309
2019-09-17,1449
2019-09-18,1485
2019-09-19,1594
2019-09-20,1729
2019-09-21,1605
2019-09-22,841
2019-09-23,1290
2019-09-24,1441
2019-09-25,1550
2019-09-26,1670
2019-09-27,1778
2019-09-28,1810
2019-09-29,602
2019-09-30,1344
2019-10-01,1580
2019-10-02,1507
2019-10-03,1617
2019-10-04,1713
2019-10-05,1698
2019-10-06,706
2019-10-07,1331
2019-10-08,1551
2019-10-09,1517
2019-10-10,1799
2019-10-11,1826
2019-10-12,1786
2019-10-13,554
2019-10-14,1331
2019-10-15,1606
2019-10-16,1533
2019-10-17,1665
2019-10-18,1819
2019-10-19,1667
2019-10-20,559
2019-10-21,1338
2019-10-22,1352
2019-10-23,1542
2019-10-24,1621
2019-10-25,1824
2019-10-26,1678
2019-10-27,728
2019-10-28,1364
2019-10-29,1624
2019-10-30,1647
2019-10-31,1782
2019-11-01,946
2019-11-02,1491
2019-11-03,489
2019-11-04,1300
2019-11-05,1437
2019-11-06,1552
2019-11-07,1515
2019-11-08,1770
2019-11-09,1621
2019-11-10,910
2019-11-11,683
2019-11-12,1620
2019-11-13,1637
2019-11-14,1721
2019-11-15,1733
2019-11-16,1342
2019-11-17,861
2019-11-18,1369
2019-11-19,1596
2019-11-20,1611
2019-11-21,1602
2019-11-22,1833
2019-11-23,1366
2019-11-24,745
2019-11-25,1369
2019-11-26,1651
2019-11-27,1558
2019-11-28,1553
2019-11-29,1580
2019-11-30,1591
2019-12-01,889
2019-12-02,1339
2019-12-03,1590
2019-12-04,1611
2019-12-05,970
2019-12-06,1817
2019-12-07,1511
2019-12-08,816
2019-12-09,1348
2019-12-10,1631
2019-12-11,1579
2019-12-12,1454
2019-12-13,354
2019-12-14,1413
2019-12-15,1202
2019-12-16,1524
2019-12-17,1476
2019-12-18,1809
2019-12-19,1775
2019-12-20,1765
2019-12-21,1646
2019-12-22,993
2019-12-23,1668
2019-12-24,1346
2019-12-25,557
2019-12-26,1605
2019-12-27,1629
2019-12-28,1707
2019-12-29,850
2019-12-30,1435
2019-12-31,1320
1905-07-12,
2020-01-01,455
2020-01-02,1347
2020-01-03,1586
2020-01-04,1593
2020-01-05,648
2020-01-06,1272
2020-01-07,1391
2020-01-08,1476
2020-01-09,1519
2020-01-10,1690
2020-01-11,1804
2020-01-12,691
2020-01-13,1336
2020-01-14,1358
2020-01-15,1569
2020-01-16,1619
2020-01-17,1705
2020-01-18,1896
2020-01-19,584
2020-01-20,1329
2020-01-21,1457
2020-01-22,1507
2020-01-23,1588
2020-01-24,1810
2020-01-25,1534
2020-01-26,648
2020-01-27,1302
2020-01-28,1467
2020-01-29,1662
2020-01-30,1541
2020-01-31,1722
2020-02-01,1576
2020-02-02,667
2020-02-03,1312
2020-02-04,1490
2020-02-05,1552
2020-02-06,1709
2020-02-07,1737
2020-02-08,1688
2020-02-09,643
2020-02-10,1329
2020-02-11,1438
2020-02-12,1666
2020-02-13,1687
2020-02-14,1919
2020-02-15,1518
2020-02-16,722
2020-02-17,1286
2020-02-18,1654
2020-02-19,1648
2020-02-20,1750
2020-02-21,1836
2020-02-22,1544
2020-02-23,803
2020-02-24,1347
2020-02-25,1475
2020-02-26,1424
2020-02-27,1448
2020-02-28,1775
2020-02-29,1369
2020-03-01,610
2020-03-02,1040
2020-03-03,1202
2020-03-04,1356
2020-03-05,1400
2020-03-06,1478
2020-03-07,1638
2020-03-08,558
2020-03-09,1179
2020-03-10,1446
2020-03-11,1556
2020-03-12,1503
2020-03-13,1488
2020-03-14,1110
2020-03-15,293
2020-03-16,726
2020-03-17,402
2020-03-18,192
2020-03-19,182
2020-03-20,189
2020-03-21,112
2020-03-22,35
2020-03-23,121
2020-03-24,153
2020-03-25,153
2020-03-26,161
2020-03-27,166
2020-03-28,97
2020-03-29,34
2020-03-30,143
2020-03-31,163
2020-04-01,171
2020-04-02,174
2020-04-03,176
2020-04-04,120
2020-04-05,47
2020-04-06,186
2020-04-07,184
2020-04-08,181
2020-04-09,183
2020-04-10,196
2020-04-11,152
2020-04-12,44
2020-04-13,55
2020-04-14,198
2020-04-15,218
2020-04-16,224
2020-04-17,229
2020-04-18,169
2020-04-19,63
2020-04-20,231
2020-04-21,211
2020-04-22,241
2020-04-23,250
2020-04-24,244
2020-04-25,190
2020-04-26,68
2020-04-27,237
2020-04-28,271
2020-04-29,252
2020-04-30,248
2020-05-01,73
2020-05-02,229
2020-05-03,77
2020-05-04,274
2020-05-05,320
2020-05-06,340
2020-05-07,327
2020-05-08,117
2020-05-09,233
2020-05-10,69
2020-05-11,810
2020-05-12,959
2020-05-13,1047
2020-05-14,1042
2020-05-15,1089
2020-05-16,955
2020-05-17,343
2020-05-18,898
2020-05-19,1098
2020-05-20,1058
2020-05-21,398
2020-05-22,1026
2020-05-23,763
2020-05-24,271
2020-05-25,914
2020-05-26,1069
2020-05-27,1060
2020-05-28,1043
2020-05-29,1074
2020-05-30,855
2020-05-31,261
2020-06-01,429
2020-06-02,1338
2020-06-03,1214
2020-06-04,1345
2020-06-05,1512
2020-06-06,1505
2020-06-07,427
2020-06-08,1060
2020-06-09,1467
2020-06-10,1446
2020-06-11,1387
2020-06-12,1505
2020-06-13,1502
2020-06-14,465
2020-06-15,1224
2020-06-16,1454
2020-06-17,1493
2020-06-18,1638
2020-06-19,1723
2020-06-20,1523
2020-06-21,884
2020-06-22,1255
2020-06-23,317
2020-06-24,1337
2020-06-25,1432
2020-06-26,1722
2020-06-27,1507
2020-06-28,579
2020-06-29,1225
2020-06-30,1634
2020-07-01,1691
2020-07-02,1601
2020-07-03,1735
2020-07-04,1593
2020-07-05,525
2020-07-06,1290
2020-07-07,1480
2020-07-08,1451
2020-07-09,1591
2020-07-10,1708
2020-07-11,1421
2020-07-12,515
2020-07-13,1142
2020-07-14,868
2020-07-15,1565
2020-07-16,1755
2020-07-17,1753
2020-07-18,1530
2020-07-19,510
2020-07-20,1223
2020-07-21,1467
2020-07-22,1644
2020-07-23,1698
2020-07-24,1684
2020-07-25,1501
2020-07-26,563
2020-07-27,1056
2020-07-28,1612
2020-07-29,1576
2020-07-30,1273
2020-07-31,1616
2020-08-01,1679
2020-08-02,584
2020-08-03,1345
2020-08-04,1619
2020-08-05,1518
2020-08-06,1399
2020-08-07,1529
2020-08-08,1421
2020-08-09,628
2020-08-10,1231
2020-08-11,1520
2020-08-12,1431
2020-08-13,1575
2020-08-14,1564
2020-08-15,1067
2020-08-16,685
2020-08-17,1236
2020-08-18,1557
2020-08-19,1309
2020-08-20,1385
2020-08-21,1505
2020-08-22,1468
2020-08-23,626
2020-08-24,1216
2020-08-25,1483
2020-08-26,1498
2020-08-27,1489
2020-08-28,1686
2020-08-29,1659
2020-08-30,680
2020-08-31,1277
2020-09-01,1491
2020-09-02,1440
2020-09-03,1594
2020-09-04,1657
2020-09-05,1432
2020-09-06,375
2020-09-07,1382
2020-09-08,1589
2020-09-09,1538
2020-09-10,1619
2020-09-11,1715
2020-09-12,1535
2020-09-13,507
2020-09-14,1227
2020-09-15,1479
2020-09-16,1465
2020-09-17,1596
2020-09-18,1639
2020-09-19,1528
2020-09-20,704
2020-09-21,1274
2020-09-22,1557
2020-09-23,1522
2020-09-24,1628
2020-09-25,1488
2020-09-26,573
2020-09-27,290
2020-09-28,1322
2020-09-29,1535
2020-09-30,1636
2020-10-01,1554
2020-10-02,1561
2020-10-03,1232
2020-10-04,601
2020-10-05,1297
2020-10-06,1431
2020-10-07,1537
2020-10-08,1765
2020-10-09,1632
2020-10-10,1594
2020-10-11,516
2020-10-12,1355
2020-10-13,1581
2020-10-14,1499
2020-10-15,1552
2020-10-16,1780
2020-10-17,1649
2020-10-18,730
2020-10-19,1350
2020-10-20,1089
2020-10-21,1629
2020-10-22,1596
2020-10-23,1615
2020-10-24,1349
2020-10-25,439
2020-10-26,1021
2020-10-27,1368
2020-10-28,1377
2020-10-29,1641
2020-10-30,657
2020-10-31,375
2020-11-01,195
2020-11-02,729
2020-11-03,788
2020-11-04,693
2020-11-05,779
2020-11-06,810
2020-11-07,449
2020-11-08,170
2020-11-09,755
2020-11-10,797
2020-11-11,208
2020-11-12,794
2020-11-13,828
2020-11-14,466
2020-11-15,160
2020-11-16,765
2020-11-17,786
2020-11-18,736
2020-11-19,774
2020-11-20,778
2020-11-21,344
2020-11-22,181
2020-11-23,821
2020-11-24,867
2020-11-25,796
2020-11-26,854
2020-11-27,909
2020-11-28,1064
2020-11-29,387
2020-11-30,1058
2020-12-01,1205
2020-12-02,1093
2020-12-03,1207
2020-12-04,1315
2020-12-05,1152
2020-12-06,393
2020-12-07,898
2020-12-08,1235
2020-12-09,1209
2020-12-10,1123
2020-12-11,572
2020-12-12,1059
2020-12-13,922
2020-12-14,1229
2020-12-15,1335
2020-12-16,1350
2020-12-17,1367
2020-12-18,1408
2020-12-19,1335
2020-12-20,1094
2020-12-21,1279
2020-12-22,1486
2020-12-23,1417
2020-12-24,1123
2020-12-25,242
2020-12-26,1167
2020-12-27,415
2020-12-28,802
2020-12-29,1111
2020-12-30,1051
2020-12-31,931
1905-07-13,
2021-01-01,263
2021-01-02,827
2021-01-03,397
2021-01-04,1031
2021-01-05,1157
2021-01-06,1189
2021-01-07,1187
2021-01-08,1244
2021-01-09,895
2021-01-10,307
2021-01-11,1029
2021-01-12,1224
2021-01-13,1227
2021-01-14,1184
2021-01-15,1231
2021-01-16,1112
2021-01-17,302
2021-01-18,1047
2021-01-19,1082
2021-01-20,1122
2021-01-21,1046
2021-01-22,1068
2021-01-23,1211
2021-01-24,361
2021-01-25,1051
2021-01-26,1307
2021-01-27,1152
2021-01-28,1161
2021-01-29,1225
2021-01-30,1067
2021-01-31,269
2021-02-01,967
2021-02-02,1196
2021-02-03,1169
2021-02-04,1161
2021-02-05,1234
2021-02-06,1045
2021-02-07,326
2021-02-08,958
2021-02-09,1156
2021-02-10,1076
2021-02-11,1224
2021-02-12,1189
2021-02-13,1191
2021-02-14,427
2021-02-15,1061
2021-02-16,1107
2021-02-17,1185
2021-02-18,1188
2021-02-19,1209
2021-02-20,1129
2021-02-21,365
2021-02-22,1068
2021-02-23,1244
2021-02-24,1237
2021-02-25,1230
2021-02-26,1256
2021-02-27,1243
2021-02-28,369
2021-03-01,1092
2021-03-02,1138
2021-03-03,1142
2021-03-04,1161
2021-03-05,1175
2021-03-06,1250
2021-03-07,384
2021-03-08,1063
2021-03-09,1278
2021-03-10,1179
2021-03-11,1125
2021-03-12,1169
2021-03-13,1225
2021-03-14,351
2021-03-15,1048
2021-03-16,1143
2021-03-17,1144
2021-03-18,1140
2021-03-19,1116
2021-03-20,1208
2021-03-21,406
2021-03-22,1154
2021-03-23,1187
2021-03-24,1148
2021-03-25,1200
2021-03-26,1267
2021-03-27,1183
2021-03-28,347
2021-03-29,1094
2021-03-30,1145
2021-03-31,1176
2021-04-01,1331
2021-04-02,1335
2021-04-03,1297
2021-04-04,270
2021-04-05,280
2021-04-06,1034
2021-04-07,1018
2021-04-08,1004
2021-04-09,988
2021-04-10,787
2021-04-11,245
2021-04-12,865
2021-04-13,942
2021-04-14,930
2021-04-15,988
2021-04-16,1015
2021-04-17,745
2021-04-18,291
2021-04-19,857
2021-04-20,987
2021-04-21,920
2021-04-22,943
2021-04-23,977
2021-04-24,791
2021-04-25,273
2021-04-26,938
2021-04-27,1033
2021-04-28,1049
2021-04-29,1076
2021-04-30,1155
2021-05-01,527
2021-05-02,325
2021-05-03,998
2021-05-04,1215
2021-05-05,1098
2021-05-06,1149
2021-05-07,1202
2021-05-08,501
2021-05-09,309
2021-05-10,753
2021-05-11,1157
2021-05-12,1168
2021-05-13,421
2021-05-14,960
2021-05-15,739
2021-05-16,281
2021-05-17,1105
2021-05-18,1199
2021-05-19,1360
2021-05-20,1338
2021-05-21,1277
2021-05-22,1285
2021-05-23,556
2021-05-24,526
2021-05-25,1418
2021-05-26,1279
2021-05-27,1370
2021-05-28,1527
2021-05-29,1333
2021-05-30,487
2021-05-31,1273
2021-06-01,1309
2021-06-02,1386
2021-06-03,1390
2021-06-04,1344
2021-06-05,1356
2021-06-06,549
2021-06-07,1264
2021-06-08,1322
2021-06-09,1484
2021-06-10,1613
2021-06-11,1653
2021-06-12,1566
2021-06-13,448
2021-06-14,1187
2021-06-15,1202
2021-06-16,1522
2021-06-17,1370
2021-06-18,1587
2021-06-19,1601
2021-06-20,631
2021-06-21,1599
2021-06-22,1475
2021-06-23,1533
2021-06-24,1538
2021-06-25,1732
2021-06-26,1564
2021-06-27,501
2021-06-28,1415
2021-06-29,1701
2021-06-30,1589
2021-07-01,1677
2021-07-02,1682
2021-07-03,1325
2021-07-04,588
2021-07-05,1350
2021-07-06,1562
2021-07-07,1515
2021-07-08,1561
2021-07-09,1700
2021-07-10,1477
2021-07-11,578
2021-07-12,1160
2021-07-13,1216
2021-07-14,1
2021-07-15,41
2021-07-16,1759
2021-07-17,1696
2021-07-18,608
2021-07-19,1343
2021-07-20,1575
2021-07-21,1500
2021-07-22,1482
2021-07-23,1690
2021-07-24,1714
2021-07-25,588
2021-07-26,1323
2021-07-27,1606
2021-07-28,1600
2021-07-29,1563
2021-07-30,1646
2021-07-31,1483
2021-08-01,690
2021-08-02,1257
2021-08-03,1518
2021-08-04,1544
2021-08-05,1535
2021-08-06,1478
2021-08-07,1556
2021-08-08,640
2021-08-09,1170
2021-08-10,1392
2021-08-11,1214
2021-08-12,1326
2021-08-13,1468
2021-08-14,1274
2021-08-15,483
2021-08-16,1211
2021-08-17,1466
2021-08-18,1382
2021-08-19,1411
2021-08-20,1457
2021-08-21,1601
2021-08-22,628
2021-08-23,1166
2021-08-24,1459
2021-08-25,1379
2021-08-26,1429
2021-08-27,1609
2021-08-28,1603
2021-08-29,561
2021-08-30,1242
2021-08-31,1473
2021-09-01,1433
2021-09-02,1436
2021-09-03,1580
2021-09-04,1582
2021-09-05,573
2021-09-06,1236
2021-09-07,1420
2021-09-08,1477
2021-09-09,1481
2021-09-10,1565
2021-09-11,1639
2021-09-12,588
2021-09-13,1238
2021-09-14,1345
2021-09-15,1505
2021-09-16,1413
2021-09-17,1716
2021-09-18,1273
2021-09-19,752
2021-09-20,1348
2021-09-21,1420
2021-09-22,1487
2021-09-23,1585
2021-09-24,1626
2021-09-25,1664
2021-09-26,775
2021-09-27,1276
2021-09-28,1382
2021-09-29,1524
2021-09-30,1523
2021-10-01,1606
2021-10-02,1731
2021-10-03,538
2021-10-04,1277
2021-10-05,1491
2021-10-06,1494
2021-10-07,1676
2021-10-08,1713
2021-10-09,1616
2021-10-10,646
2021-10-11,1331
2021-10-12,1321
2021-10-13,1491
2021-10-14,1574
2021-10-15,1648
2021-10-16,1687
2021-10-17,668
2021-10-18,1373
2021-10-19,1519
2021-10-20,1528
2021-10-21,1423
2021-10-22,1543
2021-10-23,1583
2021-10-24,644
2021-10-25,1299
2021-10-26,1398
2021-10-27,1546
2021-10-28,1658
2021-10-29,1758
2021-10-30,1801
2021-10-31,975
2021-11-01,1011
2021-11-02,1433
2021-11-03,1457
2021-11-04,1490
2021-11-05,1043
2021-11-06,1792
2021-11-07,1088
2021-11-08,1337
2021-11-09,1443
2021-11-10,1660
2021-11-11,1409
2021-11-12,1570
2021-11-13,1558
2021-11-14,713
2021-11-15,1335
2021-11-16,1469
2021-11-17,1475
2021-11-18,1497
2021-11-19,1825
2021-11-20,1595
2021-11-21,852
2021-11-22,1280
2021-11-23,1321
2021-11-24,1421
2021-11-25,1503
2021-11-26,1565
2021-11-27,1460
2021-11-28,578
2021-11-29,1304
2021-11-30,1423
2021-12-01,1357
2021-12-02,1513
2021-12-03,1683
2021-12-04,1477
2021-12-05,687
2021-12-06,1292
2021-12-07,1347
2021-12-08,1356
2021-12-09,1358
2021-12-10,1454
2021-12-11,1306
2021-12-12,1108
2021-12-13,1374
2021-12-14,1425
2021-12-15,1495
2021-12-16,1450
2021-12-17,1600
2021-12-18,1465
2021-12-19,1241
2021-12-20,1386
2021-12-21,1514
2021-12-22,1676
2021-12-23,1517
2021-12-24,1150
2021-12-25,379
2021-12-26,732
2021-12-27,1257
2021-12-28,1489
2021-12-29,1504
2021-12-30,1504
2021-12-31,1195
1905-07-14,
2022-01-01,437
2022-01-02,535
2022-01-03,1051
2022-01-04,1176
2022-01-05,1241
2022-01-06,1285
2022-01-07,1389
2022-01-08,1384
2022-01-09,322
2022-01-10,1017
2022-01-11,1261
2022-01-12,1276
2022-01-13,1397
2022-01-14,1471
2022-01-15,1488
2022-01-16,522
2022-01-17,1184
2022-01-18,1270
2022-01-19,1345
2022-01-20,1317
2022-01-21,1441
2022-01-22,1392
2022-01-23,519
2022-01-24,1172
2022-01-25,1338
2022-01-26,1347
2022-01-27,1244
2022-01-28,1526
2022-01-29,1528
2022-01-30,452
2022-01-31,1073
2022-02-01,1266
2022-02-02,1346
2022-02-03,1413
2022-02-04,1446
2022-02-05,1411
2022-02-06,538
2022-02-07,1182
2022-02-08,1386
2022-02-09,1491
2022-02-10,1510
2022-02-11,1509
2022-02-12,1547
2022-02-13,581
2022-02-14,1178
2022-02-15,1385
2022-02-16,1357
2022-02-17,1442
2022-02-18,1533
2022-02-19,1557
2022-02-20,546
2022-02-21,1109
2022-02-22,1432
2022-02-23,1540
2022-02-24,1378
2022-02-25,1585
2022-02-26,1584
2022-02-27,592
2022-02-28,1235
2022-03-01,1533
2022-03-02,1425
2022-03-03,1479
2022-03-04,1635
2022-03-05,1548
2022-03-06,571
2022-03-07,1209
2022-03-08,1382
2022-03-09,1340
2022-03-10,1452
2022-03-11,1559
2022-03-12,1493
2022-03-13,546
2022-03-14,1124
2022-03-15,1374
2022-03-16,1402
2022-03-17,1425
2022-03-18,1599
2022-03-19,1507
2022-03-20,561
2022-03-21,1153
2022-03-22,1387
2022-03-23,1377
2022-03-24,1510
2022-03-25,1719
2022-03-26,1585
2022-03-27,588
2022-03-28,1094
2022-03-29,1446
2022-03-30,1321
2022-03-31,1529
2022-04-01,1630
2022-04-02,1710
2022-04-03,672
2022-04-04,1195
2022-04-05,1462
2022-04-06,1480
2022-04-07,1564
2022-04-08,1651
2022-04-09,1671
2022-04-10,1092
2022-04-11,1255
2022-04-12,1523
2022-04-13,1569
2022-04-14,1642
2022-04-15,1728
2022-04-16,1551
2022-04-17,810
2022-04-18,678
2022-04-19,1182
2022-04-20,1278
2022-04-21,1468
2022-04-22,1626
2022-04-23,1428
2022-04-24,710
2022-04-25,1028
2022-04-26,1432
2022-04-27,1447
2022-04-28,1342
2022-04-29,1662
2022-04-30,1486
2022-05-01,652
2022-05-02,1193
2022-05-03,1188
2022-05-04,243
2022-05-05,1553
2022-05-06,1610
2022-05-07,1302
2022-05-08,1050
2022-05-09,1209
2022-05-10,1420
2022-05-11,1497
2022-05-12,1490
2022-05-13,1747
2022-05-14,1651
2022-05-15,544
2022-05-16,1161
2022-05-17,1472
2022-05-18,1441
2022-05-19,1547
2022-05-20,1621
2022-05-21,1432
2022-05-22,986
2022-05-23,1256
2022-05-24,1523
2022-05-25,1585
2022-05-26,768
2022-05-27,1498
2022-05-28,1400
2022-05-29,600
2022-05-30,1199
2022-05-31,1520
2022-06-01,1526
2022-06-02,1526
2022-06-03,1642
2022-06-04,1423
2022-06-05,1073
2022-06-06,668
2022-06-07,1604
2022-06-08,1493
2022-06-09,1540
2022-06-10,1715
2022-06-11,1551
2022-06-12,582
2022-06-13,1182
2022-06-14,1355
2022-06-15,1350
2022-06-16,1385
2022-06-17,1441
2022-06-18,1098
2022-06-19,565
2022-06-20,1189
2022-06-21,1800
2022-06-22,1691
2022-06-23,1588
2022-06-24,1689
2022-06-25,1522
2022-06-26,475
2022-06-27,1165
2022-06-28,1574
2022-06-29,1528
2022-06-30,1503
2022-07-01,1777
2022-07-02,1487
2022-07-03,588
2022-07-04,1241
2022-07-05,1405
2022-07-06,1596
2022-07-07,1598
2022-07-08,1650
2022-07-09,1474
2022-07-10,497
2022-07-11,1108
2022-07-12,1429
2022-07-13,1434
2022-07-14,885
2022-07-15,1250
2022-07-16,1008
2022-07-17,415
2022-07-18,940
2022-07-19,1512
2022-07-20,1443
2022-07-21,1463
2022-07-22,1654
2022-07-23,1468
2022-07-24,512
2022-07-25,1250
2022-07-26,1549
2022-07-27,1544
2022-07-28,1661
2022-07-29,1715
2022-07-30,1524
2022-07-31,595
2022-08-01,1111
2022-08-02,1351
2022-08-03,1377
2022-08-04,1631
2022-08-05,1682
2022-08-06,1480
2022-08-07,584
2022-08-08,1036
2022-08-09,1360
2022-08-10,1241
2022-08-11,1318
2022-08-12,1365
2022-08-13,1602
2022-08-14,839
2022-08-15,762
2022-08-16,1424
2022-08-17,1448
2022-08-18,1397
2022-08-19,1708
2022-08-20,1660
2022-08-21,981
2022-08-22,1161
2022-08-23,1369
2022-08-24,1337
2022-08-25,1552
2022-08-26,1808
2022-08-27,1687
2022-08-28,583
2022-08-29,1128
2022-08-30,1501
2022-08-31,1466
2022-09-01,1487
2022-09-02,1633
2022-09-03,1552
2022-09-04,605
2022-09-05,1215
2022-09-06,1356
2022-09-07,1458
2022-09-08,1489
2022-09-09,1629
2022-09-10,1527
2022-09-11,578
2022-09-12,1210
2022-09-13,1518
2022-09-14,1528
2022-09-15,1498
2022-09-16,1677
2022-09-17,1787
2022-09-18,830
2022-09-19,1342
2022-09-20,1490
2022-09-21,1497
2022-09-22,1576
2022-09-23,1665
2022-09-24,1523
2022-09-25,788
2022-09-26,1293
2022-09-27,1416
2022-09-28,1372
2022-09-29,1513
2022-09-30,1775
2022-10-01,1811
2022-10-02,860
2022-10-03,1421
2022-10-04,1469
2022-10-05,1535
2022-10-06,1477
2022-10-07,1754
2022-10-08,1619
2022-10-09,655
2022-10-10,1272
2022-10-11,1431
2022-10-12,1406
2022-10-13,1562
2022-10-14,1709
2022-10-15,1709
2022-10-16,753
2022-10-17,1276
2022-10-18,1464
2022-10-19,1491
2022-10-20,1604
2022-10-21,1599
2022-10-22,1711
2022-10-23,641
2022-10-24,1275
2022-10-25,1537
2022-10-26,1564
2022-10-27,1598
2022-10-28,1725
2022-10-29,1680
2022-10-30,1085
2022-10-31,1370
2022-11-01,897
2022-11-02,1625
2022-11-03,1513
2022-11-04,1588
2022-11-05,1656
2022-11-06,947
2022-11-07,1290
2022-11-08,1375
2022-11-09,1489
2022-11-10,1652
2022-11-11,1321
2022-11-12,1709
2022-11-13,897
2022-11-14,1263
2022-11-15,1358
2022-11-16,1592
2022-11-17,1481
2022-11-18,1645
2022-11-19,1584
2022-11-20,606
2022-11-21,1073
2022-11-22,1395
2022-11-23,1473
2022-11-24,1530
2022-11-25,1761
2022-11-26,1667
2022-11-27,674
2022-11-28,1211
2022-11-29,1421
2022-11-30,1429
2022-12-01,1469
2022-12-02,1779
2022-12-03,1645
2022-12-04,1041
2022-12-05,1370
2022-12-06,1512
2022-12-07,1628
2022-12-08,1679
2022-12-09,1772
2022-12-10,1424
2022-12-11,1090
2022-12-12,1305
2022-12-13,1554
2022-12-14,1703
2022-12-15,1722
2022-12-16,1664
2022-12-17,1548
2022-12-18,1124
2022-12-19,1460
2022-12-20,1437
2022-12-21,230
2022-12-22,1828
2022-12-23,1769
2022-12-24,1231
2022-12-25,408
2022-12-26,1203
2022-12-27,1548
2022-12-28,1510
2022-12-29,1424
2022-12-30,1585
2022-12-31,1184
1905-07-15,
2023-01-01,371
2023-01-02,898
2023-01-03,1325
2023-01-04,1390
2023-01-05,1441
2023-01-06,1622
2023-01-07,1510
2023-01-08,415
2023-01-09,1106
2023-01-10,1581
2023-01-11,1469
2023-01-12,1629
2023-01-13,1634
2023-01-14,1674
2023-01-15,523
2023-01-16,1140
2023-01-17,1240
2023-01-18,1169
2023-01-19,1366
2023-01-20,1642
2023-01-21,1674
2023-01-22,502
2023-01-23,1192
2023-01-24,1429
2023-01-25,1400
2023-01-26,1517
2023-01-27,1520
2023-01-28,1552
2023-01-29,515
2023-01-30,1259
2023-01-31,1338
2023-02-01,1428
2023-02-02,1561
2023-02-03,1721
2023-02-04,1633
2023-02-05,522
2023-02-06,1181
2023-02-07,1361
2023-02-08,1511
2023-02-09,1561
2023-02-10,1647
2023-02-11,1427
2023-02-12,567
2023-02-13,1149
2023-02-14,1658
2023-02-15,1566
2023-02-16,1668
2023-02-17,1677
2023-02-18,1574
2023-02-19,810
2023-02-20,1210
2023-02-21,1444
2023-02-22,1495
2023-02-23,1429
2023-02-24,1763
2023-02-25,1616
2023-02-26,521
2023-02-27,1095
2023-02-28,1488
2023-03-01,1513
2023-03-02,1597
2023-03-03,1701
2023-03-04,1616
2023-03-05,602
2023-03-06,1297
2023-03-07,1221
2023-03-08,1451
2023-03-09,1540
2023-03-10,1604
2023-03-11,1283
2023-03-12,619
2023-03-13,1241
2023-03-14,1409
2023-03-15,1458
2023-03-16,1654
2023-03-17,1782
2023-03-18,1623
2023-03-19,562
2023-03-20,1254
2023-03-21,1478
2023-03-22,1535
2023-03-23,1386
2023-03-24,1625
2023-03-25,1674
2023-03-26,473
2023-03-27,1160
2023-03-28,1341
2023-03-29,1504
2023-03-30,1609
2023-03-31,1716
2023-04-01,1435
2023-04-02,524
2023-04-03,1315
2023-04-04,1523
2023-04-05,1629
2023-04-06,1677
2023-04-07,1754
2023-04-08,1694
2023-04-09,804
2023-04-10,710
2023-04-11,1463
2023-04-12,1397
2023-04-13,1394
2023-04-14,1476
2023-04-15,1214
